{"acc": 0.8463595651823962, "loss": 0.16746937400629763, "_timestamp": 1701142487.0568836, "_runtime": 1.7988004684448242, "_step": 7, "_wandb": {"runtime": 1}}