{"Training Loss": 0.04538898560035433, "_timestamp": 1701155434.0896187, "_runtime": 549.473180770874, "_step": 27, "Testing Loss": 0.044246142300275654, "_wandb": {"runtime": 577}}