{"Training Loss": 0.03869929271312351, "Testing Loss": 0.039012769189400553, "_timestamp": 1701159471.3504357, "_runtime": 3912.941759824753, "_step": 99, "_wandb": {"runtime": 3912}}